{"cameraMode":{"drawMode":0,"name":"Shaded","section":"Shading Mode"},"sceneLighting":false,"audioPlay":false,"sceneViewState":{"showFog":true,"showMaterialUpdate":false,"showSkybox":true,"showFlares":true,"showImageEffects":true,"showParticleSystems":true},"in2DMode":false,"pivot":{"x":10.26556396484375,"y":-0.20703125,"z":0.37984076142311098},"rotation":{"x":0.38229653239250185,"y":-0.5456622838973999,"z":0.30694159865379336,"w":0.6796236634254456},"size":63.540252685546878,"orthographic":true}